{"cameraMode":{"drawMode":0,"name":"Shaded","section":"Shading Mode"},"sceneLighting":false,"audioPlay":false,"sceneViewState":{"m_AlwaysRefresh":false,"showFog":true,"showSkybox":false,"showFlares":true,"showImageEffects":true,"showParticleSystems":true,"showVisualEffectGraphs":true,"m_FxEnabled":true},"in2DMode":false,"pivot":{"x":-0.03180192410945892,"y":0.013852428644895554,"z":-0.1146971806883812},"rotation":{"x":0.0874529629945755,"y":0.5612335205078125,"z":0.05989041179418564,"w":-0.8208986520767212},"size":0.11730849742889404,"orthographic":false}