{"cameraMode":{"drawMode":0,"name":"Shaded","section":"Shading Mode"},"sceneLighting":false,"audioPlay":false,"sceneViewState":{"m_AlwaysRefresh":false,"showFog":true,"showSkybox":false,"showFlares":true,"showImageEffects":true,"showParticleSystems":true,"showVisualEffectGraphs":true,"m_FxEnabled":true},"in2DMode":false,"pivot":{"x":-0.5236750841140747,"y":0.04556738957762718,"z":0.08024299144744873},"rotation":{"x":0.0644761249423027,"y":-0.16480465233325959,"z":0.010758236981928349,"w":0.9842088222503662},"size":0.21090750396251679,"orthographic":false}